name,price,description
BAR-1000,1.76,"Wardrobe Box Bar 18"""
BAR-2000,1.8,"Wardrobe Box Bar 24"""
BAT-1505,54,Bowl Brite High Acid Bowl Cleaner 4/Case
BAT-1520,40.9,Blue Blitz - Low Acid Toilet Bowl Cleaner Quarts 12/case
BAT-1521,4,Blue Blitz - Low Acid Toilet Bowl Cleaner Single Quart
BAT-2000,47.1,Pumice Stick12/box
BAT-2510,25.28,Urinal Blocks 12/Box
BAT-2515,34.95,Urinal Screen With Block 12/Box
BAT-2525,42.53,Urinal Screen Scented 12/Case
BMA-1000,62.04,"Bubble Mailers Self Seal #000 4"" X 8"" 250/Case"
BMA-1100,63.28,"Bubble Mailers Self Seal #00 5"" x 10"" 250/Case"
BMA-1101,0.4,"Bubble Mailers Self Seal #00 5"" x 10"" single"
BMA-1200,70.48,"Bubble Mailers Self Seal #0 6"" x 10"" 250/Case"
BMA-1201,0.51,"Bubble Mailers Self Seal #0 6"" x 10"" Singles"
BMA-1300,37.37,"Bubble Mailers Self Seal #1 7.25"" x 12"" 100/Case"
BMA-1400,52.46,"Bubble Mailers Self Seal #2 8.5"" X 12"" 100/Case"
BMA-1500,50.66,"Bubble Mailers Self Seal #3 8.5"" X 14.5"" 100/Case"
BMA-1600,70.6,"Bubble Mailers Self Seal #4 9.5"" x 14.5"" 100/Case"
BMA-1601,0.7,"Bubble Mailers Self Seal #4 9.5"" x 14.5"" Single"
BMA-1700,66.72,"Bubble Mailers Self Seal #5 10.5"" X 16"" 100/Case"
BMA-1705,0.67,"Bubble Mailers Self Seal #5 10.5"" X 16"""
BMA-1800,60.74,"Ecolite Bubble Lined Self-Seal Mailers, #6, 12-1/2 in x 19 in, 3/16 in Bubble Lined, Kraft, 50/Case"
BMA-1900,48.47,"Bubble Mailers Self Seal #7 14.25"" X 20"" 50/Case"
BPA-1100,69.99,"Bubble 1/2"" x 125LF x 48"" Slit 12"" Perf 12"" 4 rolls/Bundle Industrial"
BPA-1110,19.99,"Bubble 1/2"" x 125LF x 12"" Perf 12"" Roll"
BPA-1150,69.99,"Bubble 1/2"" x 125LF x 48 Slit 24"" Perf 12"" 2 rolls/Bundle Industrial"
BPA-1155,39.99,"Bubble 1/2"" x 125LF x 24"" Perf 12"" Roll"
BPA-1160,69.99,"Bubble 1/2"" x 125LF x 48"" No Slit"" Perf 12"" Bundle Industrial"
BPA-1250,119.99,"Bubble 1/2"" x 250LF x 48"" Slit 12"" Perf 12"" 4 rolls/Bundle Industrial"
BPA-1260,34.99,"Bubble 1/2"" x 250LF x 12"" Perf 12"" Roll"
BPA-1300,119.99,"Bubble 1/2"" x 250LF x  48"" Slit 24"" Perf 12"" 2 rolls/Bundle Industrial"
BPA-1310,69.99,"Bubble 1/2"" x 250LF x 24"" Perf 12"" Roll"
BPA-1350,119.99,"Bubble 1/2"" x 250LF x 48"" NS Perf 12"" 1 roll/Bundle Industrial"
BPA-1400,119.99,"Bubble 1/2"" x 250LF x 48"" Slit 12"" Perf 12"" Anti Static 4 rolls/Bundle Industrial"
BPA-3100,29.99,"Bubble 3/16"" x 300LF x 12"" Perf 12"" Roll"
BPA-3125,104.99,"Bubble 3/16"" x 300LF x 48"" NS Perf 12"" 1 roll/Bundle"
BPA-3150,104.99,"Bubble 3/16"" x 300LF x 48"" Slit 12"" Perf 12"" 4 rolls/Bundle Industrial"
BPA-3250,104.99,"Bubble 3/16"" x 300LF x 48"" Slit 24"" Perf 12"" 2 rolls/Bundle Industrial"
BPA-3275,104.99,"Bubble 3/16"" x 300LF x 48"" Slit 24"" Perf 12"" Anti Static 2 rolls/Bundle Industrial"
BPA-3300,54.99,Bubble 3/16' x 300LF x 24' Perf 12' Roll
BPA-3350,159.99,"Bubble 3/16"" x 500LF x 48"" Slit 12"" Perf 12"" Anti Static 4 rolls/Bundle"
BPA-3400,159.99,"Bubble 3/16"" x 500LF x 48"" Slit 12"" Perf 12"" 4 rolls/Bundle Industrial"
BPA-3410,39.99,Bubble 3/16' x 500LF x 12' Perf 12' Roll
BPA-3450,159.99,Bubble 3/16' x 500LF x 48' Slit 24' Perf 12' 2 rolls/Bundle Industrial
BPA-3455,79.99,Bubble 3/16' x 500LF x 24' Perf 12' Roll
BPA-3500,159.99,"Bubble 3/16"" x 500LF x 48"" NS Perf 12"" 1 roll/Bundle Industrial"
BPA-5100,79.99,"Bubble 5/16"" x 188LF x 48"" Slit 12"" Perf 12"" 4 rolls/Bundle Industrial"
BPA-5150,79.99,Bubble 5/16' x 188LF x 48' Slit 24' Perf 12' 2 rolls/Bundle Industrial
BPA-5180,79.99,Bubble 5/16' x 188LF x 48' NS Perf 12' 1 roll/Bundle Industrial
BPA-5200,139.99,"Bubble 5/16"" x 375LF x 48"" Slit 24"" Perf 12"" 2 rolls/Bundle Industrial"
BPA-5210,139.99,"Bubble 5/16"" x 375LF x 48"" NS Perf 12"" 1 roll/Bundle Industrial"
BPS-5555,1.4,Spray Bottle Quart
BPS-5775,2,Trigger Sprayer Chemical Resistant Orange
BUB-1500,50.99,Bubble Bags Open End 36' x 48'
BUB-2500,250.21,Bubble Bags Self Seal 4' x 7 1/2' 1100/Case
BUB-2645,115.75,Bubble Bags 6 x8 3/16 Bubble pouches 650/case
BUB-2650,50.99,Bubble Bags 6 x 9  5/16 Bubble 300/case
Bad Debt,,
CLD-2030,75.48,Cleaner Oven Easy Off 6 x 24oz/CaseREC 74017
CLD-2266,145,Lemon Oil Furniture Polish (Oil Based) For Real Wood Surfaces
CLD-2295,47.6,Cleaner Floor Neutral/PH7 Gallon 4/Case
CLD-2296,49,Minty Multi Surface Cleaner Disinfectant and Deodorizer
CLD-2690,9,Cleaner Glass RTU 1 Gallon With Ammonia
CLD-2700,33,Cleaner Glass RTU Gallons 4/Case with Ammonia
CLD-2701,48.74,Distilled White Vinegar 4 gal/case
CLD-2703,73,Cleaner Glass Concentrated 4 Gallons/Case
CLD-4025,46.8,Cleaner Marveloso Multipurpose 4 Gallon/Case
CLD-4705,50,Cleaner Oven & Grill 4 Gallons/Case
CLD-5005,53,Cleaner Roof & Deck 4 Gallons/Case
CLD-5106,47.6,Cleaner/Degreaser Purple Solution All Purpose Gallon 4/Case
CLD-5656,135,Stainless Steel Cleaner/Polish 4 Gallons/Case
CLD-6504,47.8,Auto No Streak Car Wash 4 Gallons/Case
CLD-7600,66,Brite Truck and Trailer Brightener
CLD-7700,64,Rust Erase/Rust Remover
CLD-8525,49,"Mildew Magic, Mold and Mildew Stain Remover 4 Gallons/Case"
DEO-3025,86.47,Deodorizer Nilodew Dumpster Granules 2 x 8lbs/Case
DEO-3110,51,Room & Carpet Deodorizer 4 Gallon/Case
DEO-3115,7.15,Deodorizer Nilosorb Moisture Absorbent 6 per case
DEO-3120,8.76,Deodorizer Nilotron Full Release Smoke & Odor Neutralizing Fogger 6.25oz Can 12 Cans/Case
DEO-3200,70,Bacterial Digestor/Enzymes (For Drains)
DIS-1250,40.2,Bleach Gallon 6/Case
DIS-1783,65,WePak EPA Registered pH Neutral Disinfectant Cleaner
DIS-1784,53.95,WePak EPA Registered Disinfectant Lemon
DIS-2000,211.74,Victoria Bay Food Service Sanitizer - 5 Gallons
DIS-5515,98.48,Victoria Bay Lemon Disinfectant 17 OZ Aerosol 12/Case
DIS-5540,95.47,Hand Sanitizer 12 OZ Purell Pump top 12/Case
DIS-5544,166,Hand Sanitizer Gel 1 GAL Light & Fresh Clear 70% Ethyl Alcohol 4/Case
DIS-6550,42,Everwipe® Sanitizing Wipes 7X7 IN 43.75 FT White Disinfectants Canister 75 Count/Roll 6/Case
DIS-6559,118.45,Disinfectant Wipes 800/Pack 4/Case
FLO-1255,70.05,Brush Buffer 20' Polyprop
FLO-1725,5.67,Dust Mop Frame 18'
FLO-1730,6.18,Dust Mop Frame 24'
FLO-1737,6.7,Dust Mop Frame 36' x 5'
FLO-1745,14.94,Dust Mop Handle Clip On Hardwood
FLO-1755,12.88,Dust Mop Head 18' Launderable
FLO-1765,21.44,Dust Mop Head 36' Launderable
FLO-1875,8.94,Dust Pan Metal 12'
FLO-2210,63.65,Mop Bucket Combo 26 Quart Includes Side Wringer
FLO-2211,82.63,Mop Bucket Combo 35 Quart Green  Includes Side Wringer
FLO-2212,82.63,Mop Bucket Combo 35 Quart Red  Includes Side Wringer
FLO-2213,82.63,Mop Bucket Combo 35 Quart Blue  Includes Side Wringer
FLO-2214,82.63,Mop Bucket Combo 35 Quart Yellow Includes Side Wringer
FLO-3300,13.38,"Plastic Head Wet Mop Handle - 60"""
FLO-3306,25.61,"Microfiber Looped-End Wet Mop Head, Medium, Blue"
FLO-3310,18.3,"Mop Head Replacement Commercial Mop Head Yellow Cotton String Mop Replacement Head,6 Inch Heavy"
FLO-3311,15.98,Rubbermaid Super Stitch® Red Cotton Synthetic Fiber M 20 OZ Cleaning Wet Mop 5IN Headband
FLO-3315,18.21,"ABCO Looped End Mop, Wide Band, Blended with Blue Mesh Mop Tape, Large, Single"
FLO-3316,159.99,"ABCO Looped End Mop, Wide Band, Blended with Blue Mesh Mop Tape, Large, 12/Carton"
FLO-3320,13.82,Rubbermaid Super Stitch® Green Cotton Synthetic Fiber Cleaning Wet Mop 5IN Headband
FLO-3325,15.92,Large Orange Blended Looped End Mop Head..32oz
FLO-3346,9.24,Cotton Deck Mop single
FLO-3347,14.03,"Janitorial 12"" Black unflagged angled broom head"
FLO-5275,94,High Active Floor Stripper 4 Gallon/Case
FLO-6256,100,Wax Floor Finish 20% Solids 4 Gallon/case
FOA-3155,0.24,Foam EPS Cube 3' NO GLUE 625/Bag 2500 Min 2500 QTY
FOA-4225,8.22,Foam EPS Sheet 1/2' x 48' x 96'
FOA-7520,69.99,Foam PE Roll 1/16' 12' x 1250' Perf 12' Single Roll
FOA-7525,383.61,"Foam PE Roll 1/16"" 72"" x 1250' SLIT AT 60'"" AND 1) 12"" DROP PERFED 12"
FOA-7530,383.61,"Foam PE Roll 1/16"" 72"" x 1250' No Slit PERFED 12"
FOA-7531,353.62,"Foam PE Roll 1/16"" 60"" x 1250' No Slit PERFED 12"
FOA-7535,368.61,Foam PE Roll 1/16' 72' x 1250' Slit 12' Perf 12' 6/Rolls
FOA-7536,331.43,"Foam PE Roll 1/16"" 48""  x 1250' NS Perf 12'"
FOA-7540,337.63,Foam PE Roll 1/2' 48' x 125' Anti Static Slit 12' Perf 12'
FOA-7545,200.53,Foam PE Roll 1/4' 48' x 250' Slit 12' Perf 12'
FOA-7546,200.53,"Foam PE Roll 1/4' 48' x 250' Slit 24"" Perf 12"""
FOA-7550,311.99,"Foam PE Roll 1/4"" 72"" x 250"" Slit 24"" Perf 12"" 3/rolls"
FOA-7555,298.51,"Foam PE Roll 1/4"" 72"" x 250"" Slit 12"" Perf 12"" 6/rolls"
FOA-7560,298.28,Foam PE Roll 1/8' 72' x 550' Slit 36' Perf 12'
FOO-1300,44.99,"T-Shirt Bags, 21"" W x 11-1/2"" H, Polyethylene, White, 900/Carton"
FOO-1305,45.6,Bags Fruit & Veggies 12x20 875 Bags/Roll 4 Rolls/Case
FOO-2325,108.27,Cup Bistro 12oz Solo 1000/Case
FOO-2425,86.61,Cup Coffee 12oz 1000/Case71.30
FOO-2925,67.94,Cup Plastic 5oz 2500/Case
FOO-2950,102.8,Cup Plastic Clear 12oz 1000/Case
FOO-3005,82.27,Cup Portion 1oz Solo 5000/Case
FOO-3820,9.53,Cutlery Fork Black 1000/Case
FOO-4250,68.7,Film Produce Wrap 17'x5000' Clear
FOO-4350,62.41,Lid 1oz Portion Cup 2500/Case
FOO-4500,46.92,Lid 12oz Straw Slot 1000/Case
FOO-4550,46.97,Lid 12oz Tear Tab Plastic White 1000/Case
FOO-5325,35.63,Pad Soaker 4.5x7x40Grm White 2000/Case
FOO-5345,78.8,Pan Liner Baking 1/2 Size 12 x 16 2000/Case
FOO-5350,51.22,Pan Liner Baking 16.375 x 24.5 1000/Case
FOO-6805,7.64,"NJoy Pure Cane Sugar, 22 oz. Canisters, 3/Pack"
FOO-6810,4.79,"Coffee-mate®  Original Powdered Coffee Creamer, 22 oz. Canister"
FOO-6950,3.89,Tooth Picks Individually Wrapped 1000/box
FOO-8020,47.38,Tray Market Foam 8.25 x 5.75 x 7/8' White 4/125 Case
FOO-8025,49.85,Tray Market Foam 9 1/8x7.25x1/2' Rose 4/125/Case
GLO-2010,98.42,Gloves Latex Powdered S 100/Box 1000/cs
GLO-2015,98.42,Gloves Latex Powdered M 100/Box 1000/cs
GLO-2020,98.42,Gloves Latex Powered L 100/Box 1000/cs
GLO-2025,98.42,Gloves Latex Powdered XL 100/Box 1000/cs
GLO-2510,92.63,Gloves Latex Powder Free S 100/Box
GLO-2515,92.63,Gloves Latex Powder Free M 100/Box 1000/cs
GLO-2520,92.63,Gloves Latex Powder Free L 100/Box 1000/cs
GLO-2530,92.63,Gloves Latex Powder Free XL 1000/case
GLO-4065,70.51,"Gloves Nitrile Powder Free S Blue 100 Count Box, 10 Boxes/Case"
GLO-4066,76.14,"Gloves Nitrile Powder Free M Blue 100 Count Box, 10 Boxes/Case"
GLO-4067,76.14,"Gloves Nitrile Powder Free L Blue 100 Count Box, 10 Boxes/Case"
GLO-4068,76.14,"Gloves Nitrile Powder Free XL Blue 100 Count Box, 10 Boxes/Case"
GLO-5104,45,Gloves Vinyl Powder Free S 1000/cs
GLO-5105,45,Gloves Vinyl Powder Free M 1000/cs
GLO-5110,45,Gloves Vinyl Powder Free L 1000/cs
GLO-5220,45,Gloves Vinyl Powder Free XL 1000/cs
LIN-1035,28.75,Liner Low Density Heavy 33 x 39 1.5mil Black 33gal 100/Case
LIN-1045,61.65,Liner Low Density Extra Heavy 38 x 58 2.0mil Black 60gal 100/Case
LIN-2065,47.5,Liner Low Density Extra Heavy 38 x 58 3.0mil Black 60gal 100/Case
LIN-2090,49.79,Liner Low Density Extra Heavy 42 x 52 3.0mil Black 55gal 50/Case
LIN-3015,19.98,Liner Hi Density 17 x 18 6mic 3-4 gal 2000/Case
LIN-3025,28.8,Liner Hi Density 24 x 24 6mic Clear 7-10gal 20 x 50 Rolls/Case
LIN-4010,18.99,Liner Low Density 24 x 27 .7mil White Pull Tie 13gal 60/Case
LIN-4025,40.74,Liner Low Density 24 x 32 .5mil White 15gal 500/Case
LIN-4035,41.21,Liner Low Density 30 x 36 .8mil White 20-30gal 200/Case
LIN-4045,30.88,Liner Low Density 33 x 39 .8mil White 33gal 150/Case
LIN-4055,33.12,Liner Low Density 40 x 46 .75mil White 40gal 100/Case
LIN-4065,45.71,Liner Low Density 38 x 58 .8mil White 60gal 100/Case
MAT- 1250,92.7,Absorbent Mat Pad Blue
MAT- 1255,108.97,Absorbent Mat Pad White (Oil)
MDC-2010,0.47,Mailer DC C 4 x 4 x 2 White
MDC-2020,0.27,Mailer DC 5 x 3 X 2 White
MDC-2025,0.52,Mailer DC 5 x 4 x 3 White
MDC-3000,0.54,Mailer DC 6 x 3 x 3 White 50/Bundle
MDC-3010,2.4,Mailer DC 6 x 6 x 3 White 50/Bundle
MDC-3020,2.28,Mailer DC 6 x 6 x 3 Kraft 50/Bundle
MDC-4000,0.59,Mailer DC 7 x 4 x 2 White 50/Bundle
MDC-4005,1.36,Mailer DC 8 x 6 x 4  White 50/Bundle
MDC-7510,99.99,"Corrugated Mailers, 10"" x 7"" x 3"", White, Bundle 50"
MDC-7512,1.3,Mailer Literature 11 1/8 x 8 3/4 x 2 White 50/Bundle
MDC-7520,0.67,White Multi-Depth Bookfolds14 1/8x8 5/8x 1 50/bundle
NONSTOCK,,
NONSTOCK-1,0.01,
OFF-1715,32.95,Envelope Double Window #9 White 500/Box
OFF-1726,15.45,Envelopes Self Seal No Window 6' x 9' White Pack of 100
OFF-3695,4.05,"Standard Chisel Point 210 Strip Count Staples 5,000/ Box, 5 Boxes per Pack"
OPF-2195,1.88,OPF 12 3/4 x 10 7/8 x 3 15/16 (One Piece Folder) 25/Bundle
PAC-1100,13.8,Bands Rubber Beige S 12/Pack
PAC-1101,16.6,Bands Rubber Blue L 12/Pack
PAC-1102,14.5,Bands Rubber Green M 12/Pack
PAC-1103,20.33,Bands Rubber Red XL 12/Pack
PAC-1150,27.08,Carpet Shield Carpet Protector 24' x 200lf
PAC-1155,11.99,Moving Blankets
PAC-2005,39.99,Envelopes Invoice Enclosed 4.5 x 5.5 1000/Case
PAC-2055,30.55,Envelopes Packing List 4.5 x 5.5
PAC-2082,48.48,"Packing List Enclosed Panel Face Envelopes, 7” x 5-1/2”, Orange/Black ,1000/Case"
PAC-2090,39.96,Envelopes Packing List/Invoice Enclosed 4.5 x 5.5 1000/Case
PAC-2250,76.95,"Film Stretch 3"" 80 Gauge 1000' 18 Rolls/Case With Handle"
PAC-2252,91.95,"Film Stretch 5"" 80 Gauge 1000' 12 Rolls/Case With Handle"
PAC-2260,67.98,"Film Stretch 15"" 30 Gauge 1968LF Pre-stretched 4 Rolls/Case"
PAC-2275,93.59,"Film Stretch 18"" 70 Gauge 1500' 4 Rolls/Case"
PAC-2280,25.9,"Film Stretch 18"" 70 Gauge 1500' Single Roll"
PAC-2284,30,"Film Stretch 18"" 80 Gauge 1500' Roll"
PAC-2285,94.12,"Film Stretch 18"" 80 Gauge 1500' 4 Rolls/Case"
PAC-2287,121.33,"Film Stretch 18"" 80 Gauge 1500' 4 Rolls/Case Opaque (Black)"
PAC-2288,94.76,"Film Stretch 18"" 80 Gauge 1500' Cast Blue 4 Rolls/Case"
PAC-2289,112.68,"Film Stretch Blown 18"" 90 Gauge 1500' 4 Rolls/Case"
PAC-2292,99.98,"Valfilm Boxed Cast Machine Film, 80 Gauge, 20"" x 5000'"
PAC-2315,154.4,"Film Stretch 20"" x 120 Gauge x 800'..Extended Core Heavy-Duty Cast Stretch Film 4/case"
PAC-2515,23.18,Gel Pack 8oz 50 Case Minimum
PAC-2520,12.35,Gel Pack 16oz 50 Case Minimum
PAC-2525,15.2,Gel Packs No Sweat 16oz 50 Case Minimum
PAC-2530,19.36,Gel Pack 24oz
PAC-3010,15.45,Labels Fragile 2' x 3' Handle With Care Fluorescent Red/Black 500/Roll5rolls@ 9.00ea FRT18.0210r...
PAC-3210,26.28,Labels Fragile 4' x 4' Red Square 500/Roll
PAC-3950,66.95,Mailing Tubes 2 'x 36' White With End Caps 50/Case
PAC-3954,115,Mailing Tubes 2' x 60' With End Caps 50/Case
PAC-4000,53.15,"Mailing Tubes 3"" x 26"" White With End Caps 24/Case"
PAC-4015,114.73,"Mailing Tubes 3"" x 36"" White With End Caps 24/Case"
PAC-4016,4.48,"Mailing Tubes 3"" x 36"" White With End Caps singles"
PAC-4260,19.35,Newsprint 10lb
PAC-4261,30,Newsprint 25lb
PAC-4760,34,Pads Paper 3 Ply 48x72 25/Pack
PAC-4765,38,Pads Paper 3 Ply 60x72 25/Pack
PAC-4785,8.24,Pallets Used/Recycled
PAC-4810,44.76,"Kraft Paper Roll, 24 in x 720 ft, 50lb"
PAC-4860,62.32,"Kraft Paper Roll, 48"" x 612' 50lb"
PAC-4880,33.32,Peanuts 14CF Bag Biodegradable
PAC-4885,46.28,Peanuts 20CF Bag White
PAC-4889,32.71,"Anti-Static Packing Peanuts, 14 Cubic ft Bag, Pink"
PAC-4890,54.99,Peanuts 20CF Bag Pink Anti-Static
PAC-4915,0.46,Pillows Air Individual
PAC-4920,59.48,"12 x 12"" Heavy Duty 30 pt. Chipboard Pad (490/case).."
PAC-5005,52.29,Protectors Edge 2 x 2 x 48 x .225 25/Bundle
PAC-5006,2.21,Protectors Edge 2 x 2 x 48 x .225 Single Piece
PAC-5260,133.33,Protectors Strapping 2 x 2 x 3 x .120 1200/case
PAC-5680,180.25,Strapping Steel 1/2' 16 x 3' Core 3000LF
PAC-5765,7.95,Ties Wire 4'2000/Case
PAC-6525,318.39,Wrap Shrink 12' x 175' 6 Mil White
PAC-7000,81.89,55 Gallon Fibre Barrel With Lid
PAC-8000,6.15,King Mattress Bag
PAD-2000,1.85,Corrugated Pad 16.5 x 56.5 32ECT Kraft
PAD-2950,2.2,Corrugated Pad 40 x 48 Pallet Size 300/Pallet
PAP-1965,46.35,Dispenser 619 Wagon Wheel 3 Rolls
PAP-1975,55.62,Dispenser 713/714 Pull & Tear Black Silhouette
PAP-2005,13.39,Dispenser Covers Toilet Seat
PAP-2025,47.33,Dispenser Hardwound Roll Towels Lever Type Smoke Black
PAP-2075,30.89,Dispenser Jr. Jumbo 9' Single Roll
PAP-2100,15.45,Dispenser Toilet Tissue 2 Rolls Vertical
PAP-2200,46.34,"Copy Paper, 8 1/2 x 11, White, 5000/CT"
PAP-2300,64.66,"Premium Copy Paper, 92 Bright, 20 lb., 11 x 17, White, 2500/CT"
PAP-5825,85.49,Tissue Facial Kleenex 100/Box
PAP-5827,34.2,Tissue Facial Livi 100/Box 30 Boxes/Case
PAP-5925,91.99,"Toilet Paper, 2-Ply, White, 865 Sheets/Roll, 36 Rolls/Carton"
PAP-5950,82.3,"Toilet Paper 100% Recycled, 4""x3"", 2-Ply, White, 500 Sheets/Roll, 96 Rolls/Carton"
PAP-5971,63.95,Toilet Paper Heavenly Soft 3.5in x117ft 2ply Embossed 1.61in Core Diameter 400 sheets/roll 96 rolls/case
PAP-5972,94.99,Toilet Paper 3.5in x146ft 1ply white embossed 4.33in roll 1.61in core diameter 96 rolls/case
PAP-5975,60.96,Tissue Toilet Jr. Jumbo 3' Core 800' Roll 2 Ply 12 Rolls/Case
PAP-5977,51.45,Tissue Toilet Mini Jumbo 751' Roll 2 Ply 12 Rolls/Case
PAP-5985,50.47,Towels C-Fold 10.125' x 12.75' 1 Ply Bleached 2400/Case
PAP-6025,57.45,Towels Centerpull 2 Ply 660'/Roll 6 Rolls/Case..CP600
PAP-6125,62.99,Towels Multifold 483 9.125' x 9.5' Bleached 4000/Case
PAP-6135,59.99,Towels Multifold 480 9.125' x 9.5' Natural 4000/Case
PAP-6220,74.16,Blue Spunlace Jumbo Roll 12' x 13' 955 sheets/Roll
PAP-6225,95.99,"Towels Roll 713 7.5"" x 800' Brown 6 Rolls/Case"
PAP-6226,95.99,"Paper Towels Tork H71 7.5"" x 800' White 6 Rolls/Case"
PAP-6227,109.19,"Towels Ultra Roll  7.8"" x 1150' White 6 Rolls/Case"
PAP-6230,74.38,Towels Roll 8031400 8' x 800' Natural 6 Rolls/Case
PAP-6335,55.99,Household & Kitchen Roll Paper Towel Tork 8.625x11 in 60.375 ft 2ply white standard perforated embossed 84 sheets/roll 30 rolls/case
PAP-6341,45.99,"Towels Roll 11"" x 7.8"" 2 Ply 85 Sheets/Roll 30 Rolls/Case"
PAP-6345,60.87,Towels Roll Hardwound 8' x 350' Brown 12 Rolls/Case
PAP-6356,94.99,"Universal Hand Towel Roll, Notched, 8"" x 800 ft, Natural, 6 Rolls/Carton"
PAP-6365,49.99,"Kitchen Roll Towel Premium 100% Recycled, 2-Ply, White, 85 Sheets/Roll, 30 Rolls/Carton (2,550 Sheets)"
PAP-6370,70.89,"Towels Roll Hardwound Premium 7.5"" x 600' White 6 Rolls/Case BW 70620"
PAP-6375,52.6,Towels Roll Hardwound 8' x 800' Brown 6 Rolls/Case
PAP-6380,77.65,Towels Roll Hardwound 10' x 800' White 6 Rolls/Case
PAP-6385,63.45,Towels Singlefold 475 9' x 10' Natural 250/Pack 16 Packs/Case
PAP-6625,56.65,Wipes Kimtex 33352 All Purpose Blue
PAP-6725,226.07,"Kimtech™ Kimwipes, Delicate Task Wipers, 4 2/5"" x 8 2/5"", 280/Box, 60 Boxes/Carton"
PCO-7355,6.13,Spray Wasp & Hornet 15oz Can
PMA-1750,128.75,Mailer Poly Self Seal 13 x 16 x 4 Expandable 500/Case
PMA-1800,92.68,Mailer Poly Self Seal 14.5 x 19 500/Case
PMA-1900,49.44,Mailer Poly Self Seal 19 x 24 250/Case
PMA-2000,62.61,Mailer Poly Self Seal 24 x 24 200/Case
POL-1235,129.77,Bags Poly Gusseted 12 x 8 x 30 1mil 1000/Case40lbs
POL-2215,18.03,Bags Poly Layflat 4 x 5 2mil 1000/Case
POL-2550,71.87,Bags Poly Layflat 8 x10 2mil 1000/Case
POL-2600,10.36,Bags Poly Layflat 3 x 5 2mil 1000/Case
POL-2601,18.6,Bags Poly Layflat 3 x 5 3mil 1000/Case
POL-2605,39.4,"3x5 6mil, Zip Top Bags 1000 Count 8lbs/Case"
POL-2610,21.63,Bags Poly Layflat 3 x 6 3mil 1000/Case4.2lbs
POL-2990,107.08,Bags Poly Layflat 16 x 20 3mil 500/Case
POL-3345,25.49,Bags Poly Layflat 3 x 3 4mil 1000/Case
POL-3346,25.85,Bags Poly Layflat 3 x 4 4mil 1000/Case
POL-3416,141.05,Bags Poly Layflat 10 x 15 4mil 1000/Case
POL-3450,98.06,Bags Poly Layflat 18 x 24 4mil 250/Case
POL-3471,128.74,Bags Poly Layflat 24 x 24 4mil 250/Case
POL-5115,20.09,Bags Poly Reclosable 2' x 3' 2mil 1000/Case
POL-5130,25.49,Bags Poly Reclosable 3 x 3 2mil 1000/Case
POL-5140,26.23,Bags Poly Reclosable 3 x 5 2mil..1000/Case
POL-5155,27.81,Bags Poly Reclosable 4 x 4 2mil 1000/CaseWT 5lbs
POL-5160,30.99,Bags Poly Reclosable 4 x 6 2mil 1000/Case25lbs
POL-5174,35.13,Bags Poly Reclosable 5 x 7 2mil 1000/Case
POL-5175,56.38,Bags Poly Reclosable 5 x 8 2mil 1000/Case
POL-6205,38.63,Bags Poly Reclosable 6 x 9 2mil 1000/Case
POL-6208,42.23,Bags Poly Reclosable 6 x 10 2mil 1000/Case
POL-6250,71.87,Bags Poly Reclosable 8 x10 2mil 1000/Case (1/2 Gallon)
POL-6260,71.34,Bags Poly Reclosable 9 x 12 2mil 1000/Case
POL-6270,92.69,Bags Poly Reclosable 10 x 12 2mil 1000/Case (Gallon)
POL-6280,108.69,Bags Poly Reclosable 12 x 12 2mil 1000/Case
POL-6295,144.51,Bags Poly Reclosable 13 x 15 2mil 1000/Case (2 Gallons)
POL-6305,146.26,Bags Poly Reclosable 16 x 18 2mil 1000/Case
POL-6375,94.76,Bags Poly Reclosable 13 x 18 3mil 500/Case
POL-6475,101.94,Bags Poly Reclosable 8 x 10 4mil 1000/Case
POL-6485,141.88,Bags Poly Reclosable 9 x 12 4mil 1000/Case
POL-6495,92.67,Bags Poly Reclosable 12 x 12 4mil 500/Case
POL-7900,17.77,Bags Tee Shirt/Thank You 11.5 x 6 x 5 1000/Case
POL-7905,19.83,Bags Tee Shirt/Thank You 11.5 x 6.5 x 21 13mic 700/Case Dolphin Printed Thank you
POL-8114,145.89,Tubing Poly 10' x 1500LF 4mil
POL-8136,66.95,Tubing Poly 5' x 725LF 6mil
POL-8138,94.76,Tubing Poly 6' x 1000LF 6milFRT$21.60
POL-8148,133.9,Tubing Poly 12' x 1075LF 4 Mil Heavy Duty Poly Tubing
POS-1480,30.56,Poly Sheeting 6 x 100' - 4 Mil Clear
Pack and Ship,,
Pick up Residential,35.5,Pick up: Residential
Pickup Mileage,0.725,Mileage
Pickup Weight exceeds 50lb,9.05,Weight exceeds 50lb
RAG-1100,42.6,Rags Baby Blanket 10lbs
RAG-1105,98.75,Rags Baby Blanket 25 lbs
RAG-3050,115.25,Rags Huck Towel 25lbs Blue
RAG-3100,28.33,Rags Huck Towel 10lbs Blue
RAG-3200,28,Microfiber Cleaning Cloths-50PK (12in.x 12in.)
RAG-3220,15,Microfiber Cleaning Cloths-10PK (12inx12in)
RAG-5100,40,Rags Terry 10lbs
RAG-5105,75,Rags Terry 25lb
ROL-1000,2.96,"10"" Fiber Cradles 240/PA 480/EA"
SAF-1355,53.14,Beard Cover 100 Count/Pack 10 Packs/Case 1000 Count/Case
SAF-1500,101.68,Coverall Breathable Water Resistant XXL 25/Case
SAF-2265,15,"Face Mask, Surgical/Procedural 50/Box"
SAF-2270,34.75,"Face Mask,KN95 10/Box"
SAF-4000,83.29,"Hair Bonnets Bouffant 100/Box, Case of 10 Boxes"
SAF-7450,70.96,Universal Shoe Covers LG 150 pair
SAN-2010,4.08,DISPENSER FOR PURELL CARTRIDGESBlack and chrome
SAN-2015,11.83,"Dispenser, GoJo, ADX-12, Wht/Wht"
SAN-2020,82.39,"Sanitizer Clorox Hand Sanitizer Touchless Dispenser Refill, 1 Liter, 4 Refills/Carton"
SBO-1015,0.35,RSC 4 x 4 x 4 32ECT
SBO-1025,1.43,RSC 4 x 4 x 12 32ECT
SBO-1070,1.83,RSC 4 x 4 x 36 32ECT
SBO-1075,2.42,RSC 4 x 4 x 48 32ECT
SBO-1125,0.48,RSC 5 x 5 x 5 32ECT
SBO-1200,0.47,RSC 6 x 4 x 4 32ECT
SBO-1230,0.51,RSC 6 x 6 x 4 32ECT
SBO-1245,0.58,RSC 6 x 6 x 6 32ECT
SBO-1325,2.4,RSC 6 x 6 x 24 32ECT
SBO-1335,3.2,RSC 6 x 6 x 48 32ECT
SBO-1510,0.6,RSC 8 x 6 x 4 32ECT
SBO-1530,0.73,RSC 8 x 6 x 6 32ECT
SBO-1560,0.77,RSC 8 x 8 x 4 32ECT
SBO-1575,0.98,RSC 8 x 8 x 6 32ECT
SBO-1595,0.85,RSC 8 x 8 x 8 32ECT
SBO-1610,1.93,RSC 8 x 8 x 14 32ECT
SBO-1645,2.75,RSC 8 x 8 x 24 32ECT
SBO-1655,3.3,RSC 8 x 8 x 30 32ECT
SBO-1807,0.72,RSC 9 x 6 x 6 32ECT
SBO-1810,0.9,RSC 9 x 7 x 5 32ECT
SBO-1864,1.2,RSC 9 x 9 x 6 32ECT
SBO-1870,0.92,RSC 9 x 9 x 9 32ECT
SBO-1940,0.98,RSC 10 x 5 x 5 32ECT
SBO-1950,0.72,RSC 10 x 6 x 4 32ECT
SBO-2010,0.78,RSC 10 x 8 x 4 32ECT
SBO-2020,0.85,RSC 10 x 8 x 6 32ECT
SBO-2120,0.86,RSC 10 x 10 x 4 32ECT
SBO-2122,0.95,RSC 10 x 10 x 6 32ECT
SBO-2125,1.17,RSC 10 x 10 x 5 32ECT
SBO-2130,2.18,RSC 10 x 10 x 14 32ECT
SBO-2140,1.29,RSC 10 x 10 x 8 32ECT
SBO-2145,0.96,RSC 10 x 10 x 10 32ECT
SBO-2150,2.27,"RSC 10 x 10 x 10 32ECT Multi Depth (Scored @ 8, 6)"
SBO-2428,0.72,RSC 12 x 4 x 4 32 ECT
SBO-2535,0.79,RSC 12 x 6 x 6 32ECT
SBO-2565,1.15,RSC 12 x 8 x 4 32ECT
SBO-2570,1.4,RSC 12 x 8 x 5 32ECT
SBO-2575,0.93,RSC 12 x 8 x 6 32ECT
SBO-2580,0.95,RSC 12 x 8 x 8 32ECT
SBO-2625,1.32,RSC 12 x 9 x 2 32ECT
SBO-2630,0.96,RSC 12 x 9 x 4 32ECT
SBO-2640,1.05,RSC 12 x 9 x 6 32ECT
SBO-2675,1.24,RSC 12 x 9 x 9 32ECT
SBO-2680,1.96,RSC 12 x 9 x 10 32ECT
SBO-2745,1.17,RSC 12 x 10 x 8 32ECT
SBO-2795,2,RSC 12 x 12 x 2 32ECT
SBO-2805,1.18,RSC 12 x 12 x 4 32ECT
SBO-2825,1.2,RSC 12 x 12 x 6 32ECT
SBO-2860,1.34,RSC 12 x 12 x 8 32ECT
SBO-2880,1.85,RSC 12 x 12 x 9 32ECT
SBO-2885,1.39,RSC 12 x 12 x 10 32ECT
SBO-2910,1.4,RSC 12 x 12 x 12 32ECT
SBO-2975,2.87,RSC 12 x 12 x 30 32ECT
SBO-3010,5.47,RSC 12 x 12 x 40 32ECT
SBO-3015,5.72,RSC 12 x 12 x 48 32ECT
SBO-3070,1.65,RSC 13 x 8 x 8 32ECT
SBO-3080,2.12,RSC 13 x 9 x 9 32ECT
SBO-3120,1.18,RSC 13 x 10 x 4 32ECT
SBO-3125,1.38,RSC 13 x 10 x 5 32ECT
SBO-3175,1.73,RSC 13 x 10 x 6 32ECT
SBO-3190,2,RSC 13 x 11 x 7 32ECT
SBO-3288,1.02,RSC 14 x 6 x 4 32ECT (Speacial Order)
SBO-3290,0.92,RSC 14 x 6 x 6 32ECT
SBO-3293,1.6,RSC 14 x 8 x 4 32ECT
SBO-3295,1.48,RSC 14 x 8 x 6  32ECT
SBO-3360,1.57,RSC 14 x 10 x 4 32ECT
SBO-3370,1.87,RSC 14 x 10 x 5 32ECT
SBO-3420,1.38,RSC 14 x 10 x 10 32ECT
SBO-3425,2.53,"RSC 14 x 10 x 10 32ECT Multi-depth (Scored @ 8,6) (Special Order)"
SBO-3540,1.89,RSC 14 x 14 x 4 32ECT
SBO-3545,1.53,RSC 14 x 14 x 6 32ECT
SBO-3550,1.77,RSC 14 x 14 x 8 32ECT
SBO-3590,1.91,RSC 14 x 14 x 10 32ECT
SBO-3615,2.25,RSC 14 x 14 x 14 32ECT
SBO-3650,2.17,RSC 15 x 10 x 10 32ECT
SBO-3705,2.12,RSC 15 x 15 x 6 32ECT
SBO-3720,3.1,RSC 15 x 15 x 8 32ECT
SBO-3730,3.13,RSC 15 x 15 x 10 32ECT
SBO-3750,2.39,RSC 15 x 15 x 15 32ECT
SBO-3950,1.48,RSC 16 x 6 x 4 32ECT
SBO-3960,1.4,RSC 16 x 8 x 6 32ECT
SBO-3970,1.63,RSC 16 x 8 x 8 32ECT
SBO-4040,1.48,RSC 16 x 12 x 4 32ECT
SBO-4045,1.69,RSC 16 x 12 x 6 32ECT
SBO-4050,1.62,RSC 16 x 12 x 8 32ECT
SBO-4055,1.71,RSC 16 x 12 x 10 32ECT
SBO-4105,1.9,RSC 16 x 12 x 12 32ECT 25/Bundle
SBO-4140,1.6,RSC Printed Moving Box Small 16 x 12 x 12 32ECT
SBO-4155,2.4,RSC 16 x 14 x 6 32ECT
SBO-4160,2.92,RSC 16 x 14 x 10 32ECT
SBO-4225,2.3,RSC 16 x 16 x 4 32ECT
SBO-4245,2.1,RSC 16 x 16 x 8 32ECT
SBO-4247,2.37,RSC 16 x 16 x 10 32ECT
SBO-4250,2.58,RSC 16 x 16 x 12 32ECT
SBO-4275,2.56,RSC 16 x 16 x 16 32ECT
SBO-4600,2.4,RSC 18 x 8 x 8 32ECT
SBO-4697,2.1,RSC 18 x 12 x 4 32ECT
SBO-4700,2.87,RSC 18 x 12 x 7 32ECT
SBO-4705,2.01,RSC 18 x 12 x12 32ECT
SBO-4710,3.47,"RSC 18 x 12 x 12 32ECT Multi Depth (Scored @ 10,8,6)(Special Order)"
SBO-4725,2.37,RSC 18 x 14 x 6 32ECT
SBO-4785,2.92,RSC 18 x 14 x 10 32ECT
SBO-4788,2.99,RSC 18 x 14 x 14 32ECT
SBO-4791,3.97,RSC 18 x 14 x 16 32ECT
SBO-4800,3.24,RSC 18 x 16 x  8 32ECT
SBO-4840,3.22,RSC 18 x 16 x 10 32ECT
SBO-4900,3.12,RSC 18 x 18 x 4 32ECT
SBO-4935,3.28,RSC 18 x 18 x 8 32ECT
SBO-4950,2.96,RSC 18 x 18 x 12 32ECT
SBO-4965,3.02,RSC 18 x 18 x 16 32 ECT
SBO-4970,2.63,RSC Printed Moving Box Medium 18 x 18 x 16 32ECT
SBO-4980,3.2,RSC 18 x 18 x 18 32ECT
SBO-4983,4.15,RSC 18 x 18 x 24 32ECT
SBO-4985,5.4,RSC Dish Pack Printed 18 x 18 x 28 48 ECT
SBO-4995,7.38,RSC 18 x 18 x 30 32ECT
SBO-5420,2.2,RSC 19 x 12 x 4 32ECT
SBO-5435,1.65,RSC 20 x 5 x 5 32ECT
SBO-5436,2.02,RSC 20 x 6 x 6 32ECT
SBO-5445,1.57,RSC 20 x 8 x 8 32ECT
SBO-5447,13.27,RSC 20 x 8 x 50  44ECT
SBO-5450,1.9,RSC 20 x 10 x 8 32ECT
SBO-5451,2.55,RSC 20 x 12 x 8 32ECT
SBO-5455,2.52,RSC 20 x 14 x 8 32ECT
SBO-5456,3.18,RSC 20 x 14 x 10 32ECT
SBO-5457,2.45,RSC 20 x 14 x 12 32ECT
SBO-5458,4.03,RSC 20 x 15 x 10 32ECT
SBO-5460,3.18,RSC 20 x 16 x 8 32ECT
SBO-5465,3.28,RSC 20 x 20 x 4 32ECT
SBO-5470,3.85,RSC 20 x 20 x 10 32ECT
SBO-5472,4.05,RSC 20 x 20 x 12 32ECT
SBO-5530,3.7,RSC 20 x 20 x 20 32ECT
SBO-5531,7.31,RSC 20 x 20 x 20 44ECT
SBO-5535,8.61,RSC 20 x 20 x 20 48ECT D.W
SBO-5600,3.9,RSC 21 X 12 X 12 32ECT
SBO-5730,3.47,RSC 21 x 14 x 10 32ECT
SBO-5740,5.23,RSC 21 x 17 x 15 32ECT
SBO-5800,2.58,RSC 22 x 10 x 6 32ECT
SBO-5860,3.72,RSC 22 x 14 x 6 32ECT
SBO-5865,3.63,RSC 22 x 14 x 10 32ECT
SBO-5905,5.33,RSC 22 x 22 x 22 32ECT
SBO-5970,4.97,RSC 24 x 5 x 24 32ECT
SBO-6085,2.65,RSC 24 x 12 x 6 32ECT
SBO-6090,2.35,RSC 24 x 12 x 12 32ECT
SBO-6093,3.73,RSC 24 x 14 x 6 32ECT
SBO-6094,3.43,RSC 24 x 14 x 8 32ECT
SBO-6095,3.82,RSC 24 x 14 x 12 32ECT
SBO-6102,3.15,RSC 24 x 14 x 14 32ECT
SBO-6230,3.48,RSC 24 x 16 x 6 32ECT
SBO-6240,3.44,RSC 24 x 16 x 12 32ECT
SBO-6260,3.23,RSC 24 x 18 x 4 32ECT
SBO-6360,2.99,RSC Printed Moving Box Large 24 x 18 x 18 32ECT
SBO-6365,4.25,RSC 24 x 18 x 18 32ECT
SBO-6490,4.35,RSC 24 x 24 x 4 32ECT
SBO-6500,5.99,RSC 24 x 24 x 10 32ECT
SBO-6504,4.68,RSC 24 x 24 x 12  32ECT
SBO-6565,6.33,RSC 24 x 24 x 24 32ECT
SBO-6680,8.43,RSC 28 x 5 x 38 32ECT
SBO-6690,8.52,RSC 25 x 25 x 25 32ECT
SBO-6710,3.9,RSC 26 x 10 x 10 32ECT
SBO-6735,6,RSC 26 x 15 x 7 32ECT
SBO-6760,2.75,RSC 26 x 8 x 8 32ECT
SBO-6770,9.79,RSC 26 x 26 x 26 32ECT
SBO-6798,7.37,RSC 26 x 20 x 12 32ECT
SBO-7074,3.02,RSC 28 x 8 x 8 32ECT
SBO-7075,4.03,RSC 28 x 10 x 10 32ECT
SBO-7080,5.6,RSC 28 x 16 x 7 32ECT
SBO-7085,7.39,RSC 28 x 20 x 12 32ECT
SBO-7090,8.73,RSC 28 x 24 x 6  32ECT
SBO-7100,9.35,RSC 28 x 28 x 12 32ECT
SBO-7200,4.64,RSC 30 x 5 x 24 32ECT
SBO-7205,2.7,RSC 30 x 6 x 6 32ECT
SBO-7215,3.05,RSC 30 x 8 x 8 32ECT
SBO-7425,7.48,RSC 32 x 18 x 12 32ECT
SBO-7525,6.4,RSC 36 x 5 x 24 32ECT
SBO-7530,6.05,RSC 36 x 5 x 30 32ECT
SBO-7555,12.8,RSC 36 x 6 x 42 44ECT
SBO-7570,2.97,RSC 36 x 6 x 6 32ECT
SBO-7600,3.3,RSC 36 x 8 x 8 32ECT
SBO-7610,6.03,RSC 36 x 12 x 12 32ECT
SBO-7620,10.02,RSC 36 x 18 x 18 32ECT
SBO-7624,10.95,RSC 36 x 24 x 12 32ECT
SBO-7626,14,RSC 36 x 24 x 20 32ECT
SBO-7627,36.37,RSC 36 x 36 x 24 DW 48ECT
SBO-7630,15.78,RSC 36 x 36 x 36 32ECT
SBO-7632,44.99,RSC 36 x 36 x 36  48ECT DW
SBO-7690,4.08,RSC 40 x 8 x 8 32ECT
SBO-7700,7.3,RSC 40 x 12 x 12 32ECT
SBO-7730,8.82,RSC 40 x 18 x 8 32ECT
SBO-7820,9.27,RSC 48 x 12 x 12 32ECT
SBO-7844,22.07,RSC 48 x 24 x 12 48ECT DW
SBO-7845,49.99,RSC 48 x 40 x 36 48ECT DW
SBO-7846,29.18,RSC 48 x 24 x 24 48ECT DW
SBO-7865,17.45,RSC 54 x 8 x 28 32ECT
SBO-7866,44.99,RSC 60 x 12 x 36 44ECT
SBO-7879,15.95,Mattress Box King/Queen Size Non Pillow Top
SBO-7880,14.75,Mattress Box King/Queen Size Non Pillow  Bottom
SBO-7910,6.4,Mirror Box Expandable 4 Piece Box Set
SBO-9800,10.08,"Wardrobe Box 18"""
SBO-9801,10.8,"Wardrobe Box 24"""
SFC-1025,18.8,"Corrugated Roll Single Faced 6"" x 250LF"
SFC-1050,33.58,"Corrugated Roll Single Faced 12"" x 250LF"
SFC-2025,66.94,"Corrugated Roll Single Faced 24"" x 250LF"
SFC-2030,112.71,"Corrugated Roll Single Faced 48"" x 250LF"
SFC-4025,163.64,Corrugated Roll Single Faced 60' x 250LF
SHT-0950,15.45,"Corrugated Sheet 48 x 72"" DW"
SHT-1000,5.28,Corrugated Sheet 48 x 96 Single Wall
SHT-1100,10.9,Corrugated Sheet 48 x 96 48ECT DW
SHT-2000,11.08,Corrugated Sheet 72 x 108 275# Test DW
SIZ-0001,15.44,Carton Sizer/Reducer
SLE-2745,29.99,"PVC Shrink Band Clear 100x50 2 Mil Minimum 9,000"
SLE-2750,46.64,"PVC Shrink Band Clear 105 x 127 2 Mil 1000 Minimum 10,000"
SLE-2755,41.47,PVC Shrink Band Clear 64 x 115 2 mil 1000 Minimum 4000
SLE-6250,112.65,"PVC Shrink Band Clear 205 x 230 2 Mil 1000 Minimum 5,000"
SOA-1540,64.97,Soap Laundry Detergent Powdered 40lbs Pail
SOA-1545,69,Liquid Laundry Detergent Force Built 4 Gallons/Case
SOA-2005,114.83,Soap Palmolive Dish Soap 5 Gallon
SOA-2010,,Soap Dispenser GoJo Foam ADX-12
SOA-2011,,Soap Dispenser GoJo Foam FMX-12
SOA-2020,,Soap Dispenser Clear 30oz
SOA-2510,109.99,Soap Foam GoJo ADX-12 Handwash 3 x 1250ml/Case
SOA-3012,104.49,Soap Foam GoJo FMX-12 Handwash 4/1250ml/Case
SOA-4505,54,Soap Liquid Tool Box Industrial Strength Hand Cleaner 4 Gallon/Case
SOA-4510,46,Soap Liquid Pink 4 Gallon/Case
SOA-4515,46,Soap Liquid Pearl White 4 Gallon/Case
SOA-4525,52,Soap Liquid Tropical Breeze Antibacterial 4Gal/Case
SOA-4530,,"Manual Hand Sanitizer Dispenser, 1000 mL, White"
SOB-1190,0.72,RSC 6 x 4 x 3 32ECT
SOB-1220,0.85,RSC 6 x 6 x 3 32ECT
SOB-1400,0.55,RSC 7 x 5 x 4 32ECT
SOB-1515,0.67,RSC 8 x 6 x 5 32ECT
SOB-1805,0.66,RSC 9 x 5 x 4 32ECT
SOB-1806,0.72,RSC 9 x 6 x 3 32ECT
SOB-2000,0.93,RSC 10 x 8 x 3 32ECT (Special Order)
SOB-2886,4.25,RSC 12 x 12 x 10 48ECT (Special Order)
SOB-3195,2.19,RSC 13 x 13 x 3 32ECT
SOB-3200,2.15,RSC 13 x 13 x 6 32ECT
SOB-3704,1.84,RSC 15 x 15 x 4 32ECT (Special Order)
SOB-4145,2.87,RSC 16 x 13 x 13 32ECT (Special Order)
SOB-4715,3.83,RSC 18 x 12 x 12 48ECT (Special Order)
SOB-4795,11.51,FOL 18 x 14 x 28 350# DW PRINTED
SOB-4796,9.72,FOL 18 x 14 x 28 350# DW UNPRINTED
SOB-4797,12.47,FOL 18 x 14 x 32 350# DW PRINTED 2 PANEL
SOB-4955,4.86,RSC 18 x 18 x 12 48 ECT D.W. (Special Order)
SOB-5910,15.73,RSC 22 x 22 x 22 48ECT DW (Special Order)
SOB-6505,5.02,"RSC 24 x 24 x 12 32ECT Multi Depth (Scored @ 10, 8, 6)  (Special Order)"
SOB-6510,15,RSC 24 x 24 x 12 DW 48ECT (Special Order)
SOB-6569,12.96,RSC 24 x 24 x 24 48ECT DW (Special Order)
SOB-6765,9.95,RSC 26 x 26 x 2 32ECT (Special Order)
SOB-7625,17.2,RSC 36 x 24 x 12 DW 48ECT (Special Order)
SPS-1525,87.82,Scrubbing Sponge Cellulose Blue Non-Abrasive 100/Case
SPS-1530,45.95,Scrubbing Sponge Medium Duty Synthetic Fiber Yellow Green 20/Case
SPS-4625,24.54,Sponge Stainless Steel 12/Bag
SPS-8755,41.6,Scrub Pad Nylon 20/Pack
Services,,
TAP-2035,72,"Tape Carton Sealing Clear 2"" x 110yd 1.9mil 36 Rolls/Case"
TAP-2037,14,"Tape Carton Sealing 2"" x 110yd 1.9mil 6/Pack"
TAP-2039,2.5,"Tape Carton Sealing 2"" x 110yd 1.9mil Single Roll"
TAP-2040,72,"Tape Carton Sealing Tan 2"" x 110yd 1.6mil 36 Rolls/Case"
TAP-2041,14,"Tape Carton Sealing Tan 2"" x 110yd 1.6mil 6/Pack"
TAP-2042,36,"Tape Carton Sealing Clear 2"" x 55yd 1.6mil 36 Rolls/Case"
TAP-2043,8,"Tape Carton Sealing Clear 2"" x 55yd 1.6mil 6/Pack"
TAP-2044,36,"Tape Carton Sealing Tan 2"" x 55yd 1.6mil 36 Rolls/Case"
TAP-2045,8,"Tape Carton Sealing Tan 2"" x 55yd 1.6mil 6/Pack"
TAP-2115,79.99,"Tape Carton Sealing 3"" x 110yd 1.6mil 24 Rolls/Case"
TAP-2118,89.99,"Tape Carton Sealing 3"" x 110yd 2.1mil 24 Rolls/Case"
TAP-2325,86.29,"Tape Hot Melt 2"" x 110yd 2.0mil 36 Rolls/Case"
TAP-2326,59.99,"Tape Hot Melt Brown 2"" x 55yds 36 2.0 Mil Rolls/case"
TAP-2327,59.99,"Tape Hot Melt Clear 2"" x 55yd 2.0 mil 36 Rolls/Case"
TAP-2328,148.32,"Tape Hot Melt 2"" x 1000yds 6 Rolls/Case"
TAP-2375,79.31,"Tape Hot Melt 3"" x 110yd 2.0mil 24 Rolls/Case"
TAP-3105,118.16,Tape Carton Sealing  2'' x 72yd 3.2 mil Clear 36 Rolls/Case
TAP-3115,85.57,"Tape Carton Sealing  2"" x 110yd Tan 36 Rolls/Case"
TAP-3180,140.24,Tape Carton Sealing 3'' x 72yd 3.2mi 24 rolls/case
TAP-3181,99.99,"Tape Carton Sealing 3"" x 55yd 3.0 mil Clear 24 rolls/Case"
TAP-3505,19.45,"Tape Dispenser 2"" Hand Held"
TAP-3550,19.95,"Tape Dispenser 3"" Hand Held"
TAP-3560,3.5,"Tape Dispenser Replacement Blade 3"""
TAP-4000,8.61,Filament/Strapping Tape Dispenser
TAP-4190,7.39,"Tape Filament 2"" x 60yd 4.5mil 100lb Tensile Single Roll"
TAP-4200,123.19,"Tape Filament 2"" x 60yd 4.5mil 100lb Tensile 24 Rolls/Case"
TAP-5101,143.51,"Tape Gum Reinforced Water Activated 3"" x 450' Industrial Strength 10 Rolls/Case"
TAP-6055,79.8,Tape Masking 3/4' x 60yd 48 Rolls/Case
TAP-6105,88.77,"Tape Masking 1"" x 60yd 4.7 Mil 36 Rolls/Case"
TEQ-5515,18.54,"Scraper Window 4"""
TEQ-5600,50.67,Sign Wet Floor
TEQ-5610,10.29,"Squeegee 12"" Handle, Channel & Rubber"
TEQ-5615,18.54,"Squeegee 18' Handle, Channel & Rubber"
TEQ-5630,18.03,Squeegee Floor 24' Hard Rubber
TEQ-5655,71.59,Squeegee Roller Absorbent Replacement 36'
